full_name,first_name,last_name,email,phone_number,location,country,education,university,graduation_year,skills,years_of_experience,career_field,current_position,expected_salary,resume_summary,linkedin_url,portfolio_url,preferred_work_mode,availability,work_authorization
Meera Tamang,Meera,Tamang,meera.tamang.001@example.careerswipe.test,-9824547334,"Pokhara, Nepal",Nepal,MSc Information Systems,Pokhara University,2020,"[""Vendor Management"", ""Excel"", ""Supply Chain"", ""Data Entry"", ""ERP"", ""Process Improvement"", ""SOPs""]",4,Operations,Logistics Coordinator,"$44,324 - $70,561","Logistics Coordinator with 4 years of experience in operations, strongest in Vendor Management, Excel, Supply Chain. Known for practical execution, clear communication, and shipping measurable improvements.",https://www.linkedin.com/in/meera-tamang-operations-coordinator-1,,Hybrid,60 days,Requires Sponsorship
Liam Garcia,Liam,Garcia,liam.garcia.002@example.careerswipe.test,-9896112233,"Lalitpur, Nepal",Nepal,Bachelor of Design,IIT Delhi,2025,"[""dbt"", ""Tableau"", ""SQL"", ""BigQuery"", ""Excel"", ""Looker"", ""Data Cleaning"", ""Statistics""]",1,Technology,Business Intelligence Analyst,"$41,082 - $55,339","Business Intelligence Analyst with 1 year of experience in technology, strongest in dbt, Tableau, SQL. Known for practical execution, clear communication, and shipping measurable improvements.",https://www.linkedin.com/in/liam-garcia-data-analyst-2,,Onsite,30 days,Work Permit
Nadia Bhandari,Nadia,Bhandari,nadia.bhandari.003@example.careerswipe.test,-5166,"Dubai, UAE",United Arab Emirates,Bachelor of Business Administration,Delhi University,2016,"[""CRM"", ""Meta Ads"", ""Content Strategy"", ""Marketing Automation"", ""Copywriting""]",9,Marketing,Growth Marketer,"$61,941 - $93,742","Growth Marketer with 9 years of experience in marketing, strongest in CRM, Meta Ads, Content Strategy. Known for practical execution, clear communication, and shipping measurable improvements.",https://www.linkedin.com/in/nadia-bhandari-digital-marketing-specialist-3,,Remote,30 days,Work Permit
Daniel Chen,Daniel,Chen,daniel.chen.004@example.careerswipe.test,-9856668712,"Pokhara, Nepal",Nepal,MSc Data Science,Delhi University,2022,"[""Figma"", ""Go-to-Market"", ""Roadmapping"", ""Product Strategy"", ""Jira"", ""User Research"", ""Stakeholder Management""]",2,Product,Product Owner,"$63,112 - $85,108","Product Owner with 2 years of experience in product, strongest in Figma, Go-to-Market, Roadmapping. Known for practical execution, clear communication, and shipping measurable improvements.",https://www.linkedin.com/in/daniel-chen-product-manager-4,https://danielchen.portfolio.careerswipe.test,Remote,2 weeks,Permanent Resident
Lucas Garcia,Lucas,Garcia,lucas.garcia.005@example.careerswipe.test,-10292,"Sydney, Australia",Australia,Bachelor of Commerce,Delhi University,2017,"[""Interviewing"", ""Employee Relations"", ""Payroll Coordination"", ""Performance Reviews"", ""Recruiting""]",6,HR,Talent Acquisition Specialist,"$43,292 - $68,539","Talent Acquisition Specialist with 6 years of experience in hr, strongest in Interviewing, Employee Relations, Payroll Coordination. Known for practical execution, clear communication, and shipping measurable improvements.",https://www.linkedin.com/in/lucas-garcia-hr-generalist-5,,Remote,60 days,Requires Sponsorship
Ryan Ahmed,Ryan,Ahmed,ryan.ahmed.006@example.careerswipe.test,-8651,"New York, NY",United States,BSc Computer Science,Kathmandu University School of Management,2024,"[""Payroll Coordination"", ""Performance Reviews"", ""Recruiting"", ""Compliance"", ""Onboarding""]",0,HR,Recent Graduate,"$32,000 - $60,822","Recent Graduate with 0 years of experience in hr, strongest in Payroll Coordination, Performance Reviews, Recruiting. Known for practical execution, clear communication, and shipping measurable improvements.",https://www.linkedin.com/in/ryan-ahmed-hr-generalist-6,,Onsite,2 weeks,Permanent Resident
Liam Sharma,Liam,Sharma,liam.sharma.007@example.careerswipe.test,-9846544582,"Lalitpur, Nepal",Nepal,MSc Information Systems,National University of Singapore,2025,"[""Python"", ""ETL"", ""Excel"", ""dbt"", ""BigQuery"", ""A/B Testing"", ""Data Cleaning"", ""SQL"", ""Tableau""]",1,Technology,Business Intelligence Analyst,"$41,297 - $62,278","Business Intelligence Analyst with 1 year of experience in technology, strongest in Python, ETL, Excel. Known for practical execution, clear communication, and shipping measurable improvements.",https://www.linkedin.com/in/liam-sharma-data-analyst-7,https://liamsharma.portfolio.careerswipe.test,Onsite,2 weeks,Requires Sponsorship
Meera Chen,Meera,Chen,meera.chen.008@example.careerswipe.test,-8797,"Toronto, Canada",Canada,BTech Information Technology,University of Toronto,2019,"[""REST APIs"", ""Git"", ""CI/CD"", ""JavaScript"", ""Microservices"", ""Unit Testing"", ""AWS"", ""PostgreSQL"", ""Docker"", ""Node.js"", ""SQL"", ""Python"", ""React""]",5,Technology,Software Engineer,"$61,335 - $85,346","Software Engineer with 5 years of experience in technology, strongest in REST APIs, Git, CI/CD. Known for practical execution, clear communication, and shipping measurable improvements.",https://www.linkedin.com/in/meera-chen-software-engineer-8,https://meerachen.portfolio.careerswipe.test,Hybrid,Immediate,Work Permit
Leah Davis,Leah,Davis,leah.davis.009@example.careerswipe.test,-9852090893,"Lalitpur, Nepal",Nepal,Bachelor of Commerce,University of British Columbia,2021,"[""User Research"", ""Go-to-Market"", ""Roadmapping"", ""Agile"", ""Figma"", ""Product Strategy"", ""A/B Testing"", ""Jira""]",5,Product,Product Manager,"$66,090 - $82,705","Product Manager with 5 years of experience in product, strongest in User Research, Go-to-Market, Roadmapping. Known for practical execution, clear communication, and shipping measurable improvements.",https://www.linkedin.com/in/leah-davis-product-manager-9,https://leahdavis.portfolio.careerswipe.test,Onsite,2 weeks,Citizen
Isabella Brown,Isabella,Brown,isabella.brown.010@example.careerswipe.test,-9152,"London, UK",United Kingdom,Bachelor of Design,Kathmandu University,2017,"[""Agile"", ""A/B Testing"", ""User Research"", ""Roadmapping"", ""Product Strategy"", ""Analytics"", ""Stakeholder Management"", ""Figma"", ""Jira"", ""Go-to-Market""]",7,Product,Product Manager,"$81,292 - $97,814","Product Manager with 7 years of experience in product, strongest in Agile, A/B Testing, User Research. Known for practical execution, clear communication, and shipping measurable improvements.",https://www.linkedin.com/in/isabella-brown-product-manager-10,https://isabellabrown.portfolio.careerswipe.test,Remote,2 weeks,Work Permit
Sara Wilson,Sara,Wilson,sara.wilson.011@example.careerswipe.test,-10207,"Dubai, UAE",United Arab Emirates,Bachelor of Business Administration,University of Toronto,2012,"[""Risk Analysis"", ""Variance Analysis"", ""Forecasting"", ""Accounting"", ""Budgeting""]",13,Finance,FP&A Analyst,"$85,882 - $99,989","FP&A Analyst with 13 years of experience in finance, strongest in Risk Analysis, Variance Analysis, Forecasting. Known for practical execution, clear communication, and shipping measurable improvements.",https://www.linkedin.com/in/sara-wilson-finance-analyst-11,,Hybrid,Immediate,Requires Sponsorship
Lucas Kim,Lucas,Kim,lucas.kim.012@example.careerswipe.test,-8244,"London, UK",United Kingdom,MBA,Pokhara University,2026,"[""Inventory Planning"", ""Data Entry"", ""SOPs"", ""ERP"", ""Vendor Management"", ""Logistics"", ""Process Improvement""]",0,Operations,Recent Graduate,"$28,000 - $53,427","Recent Graduate with 0 years of experience in operations, strongest in Inventory Planning, Data Entry, SOPs. Known for practical execution, clear communication, and shipping measurable improvements.",https://www.linkedin.com/in/lucas-kim-operations-coordinator-12,,Hybrid,2 weeks,Permanent Resident
Anika Garcia,Anika,Garcia,anika.garcia.013@example.careerswipe.test,-5173,"Sydney, Australia",Australia,Bachelor of Business Administration,London School of Economics,2022,"[""Product Strategy"", ""Roadmapping"", ""Analytics"", ""Jira"", ""Agile"", ""Figma""]",4,Product,Product Manager,"$66,028 - $89,422","Product Manager with 4 years of experience in product, strongest in Product Strategy, Roadmapping, Analytics. Known for practical execution, clear communication, and shipping measurable improvements.",https://www.linkedin.com/in/anika-garcia-product-manager-13,https://anikagarcia.portfolio.careerswipe.test,Remote,Immediate,Work Permit
Isabella Lewis,Isabella,Lewis,isabella.lewis.014@example.careerswipe.test,-9135,"Sydney, Australia",Australia,MSc Data Science,Delhi University,2020,"[""Stakeholder Management"", ""Figma"", ""Jira"", ""Product Strategy"", ""A/B Testing""]",6,Product,Associate Product Manager,"$72,436 - $97,384","Associate Product Manager with 6 years of experience in product, strongest in Stakeholder Management, Figma, Jira. Known for practical execution, clear communication, and shipping measurable improvements.",https://www.linkedin.com/in/isabella-lewis-product-manager-14,https://isabellalewis.portfolio.careerswipe.test,Remote,60 days,Requires Sponsorship
Ryan Khan,Ryan,Khan,ryan.khan.015@example.careerswipe.test,-5742,"Dubai, UAE",United Arab Emirates,Bachelor of Business Administration,Delhi University,2019,"[""Product Strategy"", ""Analytics"", ""A/B Testing"", ""Go-to-Market"", ""Jira"", ""Figma""]",6,Product,Associate Product Manager,"$71,314 - $90,949","Associate Product Manager with 6 years of experience in product, strongest in Product Strategy, Analytics, A/B Testing. Known for practical execution, clear communication, and shipping measurable improvements.",https://www.linkedin.com/in/ryan-khan-product-manager-15,https://ryankhan.portfolio.careerswipe.test,Onsite,60 days,Citizen
Maya Nguyen,Maya,Nguyen,maya.nguyen.016@example.careerswipe.test,-9995,"New York, NY",United States,Bachelor of Commerce,IIT Delhi,2017,"[""Tableau"", ""Looker"", ""A/B Testing"", ""ETL"", ""dbt"", ""BigQuery"", ""SQL"", ""Python"", ""Excel"", ""Statistics""]",6,Technology,Business Intelligence Analyst,"$51,848 - $66,830","Business Intelligence Analyst with 6 years of experience in technology, strongest in Tableau, Looker, A/B Testing. Known for practical execution, clear communication, and shipping measurable improvements.",https://www.linkedin.com/in/maya-nguyen-data-analyst-16,https://mayanguyen.portfolio.careerswipe.test,Onsite,60 days,Permanent Resident
Imran Nguyen,Imran,Nguyen,imran.nguyen.017@example.careerswipe.test,-9852951615,"Lalitpur, Nepal",Nepal,BSc Electrical Engineering,RMIT University,2020,"[""Design Systems"", ""Accessibility"", ""Journey Mapping"", ""User Research"", ""Wireframing""]",3,Design,UX Designer,"$47,692 - $76,197","UX Designer with 3 years of experience in design, strongest in Design Systems, Accessibility, Journey Mapping. Known for practical execution, clear communication, and shipping measurable improvements.",https://www.linkedin.com/in/imran-nguyen-ux-designer-17,,Remote,60 days,Requires Sponsorship
Nadia Khan,Nadia,Khan,nadia.khan.018@example.careerswipe.test,-9812191476,"Kathmandu, Nepal",Nepal,MSc Data Science,Tribhuvan University,2023,"[""Unit Testing"", ""TypeScript"", ""Microservices"", ""JavaScript"", ""Git"", ""Node.js"", ""SQL"", ""Docker"", ""REST APIs"", ""PostgreSQL""]",2,Technology,Full Stack Developer,"$53,296 - $79,179","Full Stack Developer with 2 years of experience in technology, strongest in Unit Testing, TypeScript, Microservices. Known for practical execution, clear communication, and shipping measurable improvements.",https://www.linkedin.com/in/nadia-khan-software-engineer-18,,Hybrid,30 days,Permanent Resident
Lucas Maharjan,Lucas,Maharjan,lucas.maharjan.019@example.careerswipe.test,-9315,"London, UK",United Kingdom,Bachelor of Design,University of Leeds,2017,"[""Interviewing"", ""Onboarding"", ""Recruiting"", ""Compliance"", ""Performance Reviews"", ""HRIS""]",9,HR,People Operations Associate,"$59,630 - $73,202","People Operations Associate with 9 years of experience in hr, strongest in Interviewing, Onboarding, Recruiting. Known for practical execution, clear communication, and shipping measurable improvements.",https://www.linkedin.com/in/lucas-maharjan-hr-generalist-19,,Hybrid,30 days,Work Permit
Jacob Wilson,Jacob,Wilson,jacob.wilson.020@example.careerswipe.test,-8414,"Delhi, India",India,Bachelor of Business Administration,London School of Economics,2015,"[""Go-to-Market"", ""Product Strategy"", ""Jira"", ""Stakeholder Management"", ""Analytics"", ""A/B Testing"", ""User Research"", ""Agile"", ""Roadmapping"", ""Figma""]",10,Product,Product Owner,"$89,460 - $110,564","Product Owner with 10 years of experience in product, strongest in Go-to-Market, Product Strategy, Jira. Known for practical execution, clear communication, and shipping measurable improvements.",https://www.linkedin.com/in/jacob-wilson-product-manager-20,,Remote,30 days,Permanent Resident
Rohan Kim,Rohan,Kim,rohan.kim.021@example.careerswipe.test,-3775,"Toronto, Canada",Canada,MSc Information Systems,IIT Bombay,2021,"[""Vendor Management"", ""Data Entry"", ""SOPs"", ""Inventory Planning"", ""Supply Chain"", ""ERP""]",3,Operations,Supply Chain Analyst,"$35,143 - $54,220","Supply Chain Analyst with 3 years of experience in operations, strongest in Vendor Management, Data Entry, SOPs. Known for practical execution, clear communication, and shipping measurable improvements.",https://www.linkedin.com/in/rohan-kim-operations-coordinator-21,,Remote,60 days,Permanent Resident
Lina Khan,Lina,Khan,lina.khan.022@example.careerswipe.test,-5615,"London, UK",United Kingdom,Bachelor of Business Administration,Pokhara University,2020,"[""ERP"", ""Inventory Planning"", ""Supply Chain"", ""Process Improvement"", ""Data Entry"", ""Logistics"", ""Excel""]",3,Operations,Supply Chain Analyst,"$39,094 - $58,452","Supply Chain Analyst with 3 years of experience in operations, strongest in ERP, Inventory Planning, Supply Chain. Known for practical execution, clear communication, and shipping measurable improvements.",https://www.linkedin.com/in/lina-khan-operations-coordinator-22,,Onsite,2 weeks,Work Permit
Leah Singh,Leah,Singh,leah.singh.023@example.careerswipe.test,-5990,"Vancouver, Canada",Canada,BA Communications,Pokhara University,2019,"[""ERP"", ""SOPs"", ""Inventory Planning"", ""Logistics"", ""Supply Chain"", ""Data Entry""]",5,Operations,Supply Chain Analyst,"$48,305 - $64,219","Supply Chain Analyst with 5 years of experience in operations, strongest in ERP, SOPs, Inventory Planning. Known for practical execution, clear communication, and shipping measurable improvements.",https://www.linkedin.com/in/leah-singh-operations-coordinator-23,,Hybrid,30 days,Permanent Resident
Hannah Sharma,Hannah,Sharma,hannah.sharma.024@example.careerswipe.test,-5679,"Hyderabad, India",India,BSc Computer Science,University of Leeds,2023,"[""Compliance"", ""Employee Relations"", ""Performance Reviews"", ""Payroll Coordination"", ""Recruiting""]",0,HR,Recent Graduate,"$32,000 - $59,759","Recent Graduate with 0 years of experience in hr, strongest in Compliance, Employee Relations, Performance Reviews. Known for practical execution, clear communication, and shipping measurable improvements.",https://www.linkedin.com/in/hannah-sharma-hr-generalist-24,,Remote,30 days,Citizen
Jacob Martinez,Jacob,Martinez,jacob.martinez.025@example.careerswipe.test,-5968,"Hyderabad, India",India,Bachelor of Design,LSE,2023,"[""QuickBooks"", ""Variance Analysis"", ""Risk Analysis"", ""Forecasting"", ""Power BI"", ""Excel""]",0,Finance,Recent Graduate,"$35,000 - $47,985","Recent Graduate with 0 years of experience in finance, strongest in QuickBooks, Variance Analysis, Risk Analysis. Known for practical execution, clear communication, and shipping measurable improvements.",https://www.linkedin.com/in/jacob-martinez-finance-analyst-25,,Hybrid,Immediate,Permanent Resident
Nadia Rai,Nadia,Rai,nadia.rai.026@example.careerswipe.test,-10898,"Hyderabad, India",India,Bachelor of Design,University of Texas at Austin,2018,"[""SOPs"", ""Supply Chain"", ""ERP"", ""Inventory Planning"", ""Process Improvement"", ""Data Entry"", ""Excel"", ""Logistics"", ""Vendor Management""]",6,Operations,Operations Coordinator,"$44,032 - $75,246","Operations Coordinator with 6 years of experience in operations, strongest in SOPs, Supply Chain, ERP. Known for practical execution, clear communication, and shipping measurable improvements.",https://www.linkedin.com/in/nadia-rai-operations-coordinator-26,,Onsite,30 days,Citizen
Leah Rai,Leah,Rai,leah.rai.027@example.careerswipe.test,-9871391863,"Kathmandu, Nepal",Nepal,BSc Computer Science,Srishti Manipal Institute,2020,"[""Journey Mapping"", ""Wireframing"", ""Design Systems"", ""Figma"", ""Prototyping""]",6,Design,UI Designer,"$56,674 - $75,301","UI Designer with 6 years of experience in design, strongest in Journey Mapping, Wireframing, Design Systems. Known for practical execution, clear communication, and shipping measurable improvements.",https://www.linkedin.com/in/leah-rai-ux-designer-27,https://leahrai.portfolio.careerswipe.test,Remote,2 weeks,Citizen
Daniel Bhandari,Daniel,Bhandari,daniel.bhandari.028@example.careerswipe.test,-8849,"New York, NY",United States,BA Communications,Pokhara University,2022,"[""Excel"", ""Vendor Management"", ""Data Entry"", ""SOPs"", ""Inventory Planning""]",2,Operations,Logistics Coordinator,"$33,334 - $61,421","Logistics Coordinator with 2 years of experience in operations, strongest in Excel, Vendor Management, Data Entry. Known for practical execution, clear communication, and shipping measurable improvements.",https://www.linkedin.com/in/daniel-bhandari-operations-coordinator-28,,Hybrid,60 days,Permanent Resident
Isabella Ahmed,Isabella,Ahmed,isabella.ahmed.029@example.careerswipe.test,-10485,"Toronto, Canada",Canada,MSc Information Systems,IIT Delhi,2016,"[""React"", ""REST APIs"", ""Python"", ""Unit Testing"", ""SQL"", ""Docker"", ""TypeScript"", ""AWS""]",7,Technology,Full Stack Developer,"$72,139 - $93,471","Full Stack Developer with 7 years of experience in technology, strongest in React, REST APIs, Python. Known for practical execution, clear communication, and shipping measurable improvements.",https://www.linkedin.com/in/isabella-ahmed-software-engineer-29,,Remote,Immediate,Work Permit
Maya Bhandari,Maya,Bhandari,maya.bhandari.030@example.careerswipe.test,-3158,"Bengaluru, India",India,MBA,National University of Singapore,2016,"[""Git"", ""JavaScript"", ""SQL"", ""Unit Testing"", ""REST APIs"", ""AWS"", ""TypeScript"", ""PostgreSQL"", ""Node.js"", ""React"", ""CI/CD"", ""Microservices"", ""Docker"", ""Python""]",7,Technology,Backend Developer,"$69,983 - $98,307","Backend Developer with 7 years of experience in technology, strongest in Git, JavaScript, SQL. Known for practical execution, clear communication, and shipping measurable improvements.",https://www.linkedin.com/in/maya-bhandari-software-engineer-30,https://mayabhandari.portfolio.careerswipe.test,Remote,Immediate,Permanent Resident
Daniel Adhikari,Daniel,Adhikari,daniel.adhikari.031@example.careerswipe.test,-8836,"Dubai, UAE",United Arab Emirates,Bachelor of Business Administration,University of Texas at Austin,2017,"[""Data Entry"", ""Excel"", ""ERP"", ""Logistics"", ""SOPs"", ""Inventory Planning"", ""Vendor Management"", ""Process Improvement"", ""Supply Chain""]",6,Operations,Supply Chain Analyst,"$49,390 - $75,950","Supply Chain Analyst with 6 years of experience in operations, strongest in Data Entry, Excel, ERP. Known for practical execution, clear communication, and shipping measurable improvements.",https://www.linkedin.com/in/daniel-adhikari-operations-coordinator-31,,Hybrid,Immediate,Work Permit
Olivia Williams,Olivia,Williams,olivia.williams.032@example.careerswipe.test,-8951,"Dubai, UAE",United Arab Emirates,BTech Information Technology,RMIT University,2014,"[""Usability Testing"", ""Prototyping"", ""Adobe Creative Suite"", ""Accessibility"", ""Wireframing"", ""Design Systems"", ""Journey Mapping"", ""Figma"", ""User Research""]",11,Design,Product Designer,"$85,793 - $109,182","Product Designer with 11 years of experience in design, strongest in Usability Testing, Prototyping, Adobe Creative Suite. Known for practical execution, clear communication, and shipping measurable improvements.",https://www.linkedin.com/in/olivia-williams-ux-designer-32,https://oliviawilliams.portfolio.careerswipe.test,Hybrid,2 weeks,Work Permit
Imran Singh,Imran,Singh,imran.singh.033@example.careerswipe.test,-8442,"Austin, TX",United States,MBA,IIT Delhi,2020,"[""AWS"", ""TypeScript"", ""Docker"", ""CI/CD"", ""REST APIs"", ""React"", ""PostgreSQL"", ""Microservices"", ""Node.js""]",5,Technology,Software Engineer,"$64,765 - $94,622","Software Engineer with 5 years of experience in technology, strongest in AWS, TypeScript, Docker. Known for practical execution, clear communication, and shipping measurable improvements.",https://www.linkedin.com/in/imran-singh-software-engineer-33,https://imransingh.portfolio.careerswipe.test,Onsite,60 days,Permanent Resident
Jasmine Bhandari,Jasmine,Bhandari,jasmine.bhandari.034@example.careerswipe.test,-3179,"Delhi, India",India,BSc Electrical Engineering,Delhi University,2024,"[""Stakeholder Management"", ""Roadmapping"", ""Figma"", ""Product Strategy"", ""Jira"", ""Analytics"", ""Go-to-Market""]",2,Product,Associate Product Manager,"$62,418 - $79,821","Associate Product Manager with 2 years of experience in product, strongest in Stakeholder Management, Roadmapping, Figma. Known for practical execution, clear communication, and shipping measurable improvements.",https://www.linkedin.com/in/jasmine-bhandari-product-manager-34,https://jasminebhandari.portfolio.careerswipe.test,Remote,Immediate,Permanent Resident
Nikhil Brown,Nikhil,Brown,nikhil.brown.035@example.careerswipe.test,-5302,"Bengaluru, India",India,BTech Information Technology,Kathmandu University School of Management,2019,"[""Copywriting"", ""Google Ads"", ""Content Strategy"", ""Email Marketing"", ""Google Analytics"", ""SEO"", ""CRM"", ""Marketing Automation""]",4,Marketing,Growth Marketer,"$43,916 - $67,723","Growth Marketer with 4 years of experience in marketing, strongest in Copywriting, Google Ads, Content Strategy. Known for practical execution, clear communication, and shipping measurable improvements.",https://www.linkedin.com/in/nikhil-brown-digital-marketing-specialist-35,https://nikhilbrown.portfolio.careerswipe.test,Hybrid,Immediate,Work Permit
Chloe Chen,Chloe,Chen,chloe.chen.036@example.careerswipe.test,-6189,Singapore,Singapore,MBA,RMIT University,2017,"[""Adobe Creative Suite"", ""Wireframing"", ""Prototyping"", ""User Research"", ""Usability Testing"", ""Accessibility"", ""Journey Mapping""]",7,Design,UX Designer,"$67,244 - $82,904","UX Designer with 7 years of experience in design, strongest in Adobe Creative Suite, Wireframing, Prototyping. Known for practical execution, clear communication, and shipping measurable improvements.",https://www.linkedin.com/in/chloe-chen-ux-designer-36,https://chloechen.portfolio.careerswipe.test,Hybrid,2 weeks,Work Permit
Vikram Tamang,Vikram,Tamang,vikram.tamang.037@example.careerswipe.test,-9867809494,"Lalitpur, Nepal",Nepal,Bachelor of Business Administration,Singapore Management University,2019,"[""QuickBooks"", ""Financial Modeling"", ""Forecasting"", ""Power BI"", ""Accounting"", ""Budgeting"", ""Variance Analysis"", ""Excel"", ""Risk Analysis""]",6,Finance,FP&A Analyst,"$50,594 - $70,279","FP&A Analyst with 6 years of experience in finance, strongest in QuickBooks, Financial Modeling, Forecasting. Known for practical execution, clear communication, and shipping measurable improvements.",https://www.linkedin.com/in/vikram-tamang-finance-analyst-37,,Hybrid,30 days,Citizen
Mateo Chen,Mateo,Chen,mateo.chen.038@example.careerswipe.test,-7545,"Sydney, Australia",Australia,BSc Computer Science,IIT Delhi,2020,"[""Git"", ""JavaScript"", ""Docker"", ""AWS"", ""REST APIs"", ""React"", ""Unit Testing"", ""SQL"", ""TypeScript"", ""Microservices"", ""CI/CD"", ""Python""]",5,Technology,Backend Developer,"$63,470 - $77,878","Backend Developer with 5 years of experience in technology, strongest in Git, JavaScript, Docker. Known for practical execution, clear communication, and shipping measurable improvements.",https://www.linkedin.com/in/mateo-chen-software-engineer-38,https://mateochen.portfolio.careerswipe.test,Remote,2 weeks,Citizen
Liam Nguyen,Liam,Nguyen,liam.nguyen.039@example.careerswipe.test,-9889469616,"Pokhara, Nepal",Nepal,Bachelor of Commerce,Srishti Manipal Institute,2019,"[""Adobe Creative Suite"", ""Usability Testing"", ""Wireframing"", ""Design Systems"", ""User Research"", ""Journey Mapping""]",6,Design,UX Designer,"$53,704 - $73,632","UX Designer with 6 years of experience in design, strongest in Adobe Creative Suite, Usability Testing, Wireframing. Known for practical execution, clear communication, and shipping measurable improvements.",https://www.linkedin.com/in/liam-nguyen-ux-designer-39,,Onsite,Immediate,Work Permit
Elena Rodriguez,Elena,Rodriguez,elena.rodriguez.040@example.careerswipe.test,-9880061816,"Kathmandu, Nepal",Nepal,Bachelor of Commerce,Delhi University,2018,"[""Interviewing"", ""Onboarding"", ""Recruiting"", ""Employee Relations"", ""Compliance"", ""Payroll Coordination""]",7,HR,HR Generalist,"$44,852 - $59,165","HR Generalist with 7 years of experience in hr, strongest in Interviewing, Onboarding, Recruiting. Known for practical execution, clear communication, and shipping measurable improvements.",https://www.linkedin.com/in/elena-rodriguez-hr-generalist-40,,Hybrid,60 days,Work Permit
Dev Brown,Dev,Brown,dev.brown.041@example.careerswipe.test,-8635,"Hyderabad, India",India,BSc Computer Science,University of Leeds,2015,"[""Performance Reviews"", ""HRIS"", ""Employee Relations"", ""Onboarding"", ""Payroll Coordination""]",8,HR,People Operations Associate,"$50,312 - $68,938","People Operations Associate with 8 years of experience in hr, strongest in Performance Reviews, HRIS, Employee Relations. Known for practical execution, clear communication, and shipping measurable improvements.",https://www.linkedin.com/in/dev-brown-hr-generalist-41,,Onsite,2 weeks,Permanent Resident
Priya Davis,Priya,Davis,priya.davis.042@example.careerswipe.test,-10222,"Toronto, Canada",Canada,BSc Electrical Engineering,Srishti Manipal Institute,2016,"[""Journey Mapping"", ""User Research"", ""Design Systems"", ""Figma"", ""Usability Testing"", ""Prototyping"", ""Wireframing"", ""Adobe Creative Suite"", ""Accessibility""]",10,Design,UI Designer,"$80,620 - $102,790","UI Designer with 10 years of experience in design, strongest in Journey Mapping, User Research, Design Systems. Known for practical execution, clear communication, and shipping measurable improvements.",https://www.linkedin.com/in/priya-davis-ux-designer-42,https://priyadavis.portfolio.careerswipe.test,Onsite,2 weeks,Permanent Resident
Priya Tamang,Priya,Tamang,priya.tamang.043@example.careerswipe.test,-7207,"Delhi, India",India,MBA,York University,2012,"[""Meta Ads"", ""Email Marketing"", ""CRM"", ""Content Strategy"", ""Copywriting"", ""Marketing Automation"", ""Google Analytics"", ""SEO""]",13,Marketing,Digital Marketing Specialist,"$80,310 - $95,000","Digital Marketing Specialist with 13 years of experience in marketing, strongest in Meta Ads, Email Marketing, CRM. Known for practical execution, clear communication, and shipping measurable improvements.",https://www.linkedin.com/in/priya-tamang-digital-marketing-specialist-43,,Onsite,Immediate,Requires Sponsorship
Sofia Gurung,Sofia,Gurung,sofia.gurung.044@example.careerswipe.test,-4785,"Sydney, Australia",Australia,BA Communications,Kathmandu University,2017,"[""Python"", ""Looker"", ""Tableau"", ""ETL"", ""Excel"", ""Power BI"", ""dbt"", ""Data Cleaning"", ""SQL""]",7,Technology,Business Intelligence Analyst,"$50,852 - $79,439","Business Intelligence Analyst with 7 years of experience in technology, strongest in Python, Looker, Tableau. Known for practical execution, clear communication, and shipping measurable improvements.",https://www.linkedin.com/in/sofia-gurung-data-analyst-44,https://sofiagurung.portfolio.careerswipe.test,Hybrid,30 days,Citizen
Mateo Williams,Mateo,Williams,mateo.williams.045@example.careerswipe.test,-7947,"London, UK",United Kingdom,Bachelor of Design,IIT Delhi,2021,"[""Git"", ""React"", ""Docker"", ""JavaScript"", ""Microservices"", ""REST APIs"", ""Unit Testing"", ""PostgreSQL""]",3,Technology,Frontend Engineer,"$52,581 - $67,911","Frontend Engineer with 3 years of experience in technology, strongest in Git, React, Docker. Known for practical execution, clear communication, and shipping measurable improvements.",https://www.linkedin.com/in/mateo-williams-software-engineer-45,https://mateowilliams.portfolio.careerswipe.test,Onsite,30 days,Citizen
Sara Rai,Sara,Rai,sara.rai.046@example.careerswipe.test,-3597,"Sydney, Australia",Australia,BTech Information Technology,National University of Singapore,2014,"[""Node.js"", ""Python"", ""Microservices"", ""CI/CD"", ""AWS"", ""Git"", ""SQL"", ""TypeScript"", ""React"", ""Docker"", ""Unit Testing"", ""JavaScript"", ""REST APIs""]",9,Technology,Frontend Engineer,"$81,972 - $111,748","Frontend Engineer with 9 years of experience in technology, strongest in Node.js, Python, Microservices. Known for practical execution, clear communication, and shipping measurable improvements.",https://www.linkedin.com/in/sara-rai-software-engineer-46,,Onsite,60 days,Requires Sponsorship
Rohan Martinez,Rohan,Martinez,rohan.martinez.047@example.careerswipe.test,-2963,"Bengaluru, India",India,BA Communications,RMIT University,2022,"[""Prototyping"", ""Journey Mapping"", ""Design Systems"", ""Accessibility"", ""Adobe Creative Suite"", ""User Research""]",1,Design,Product Designer,"$41,992 - $59,383","Product Designer with 1 year of experience in design, strongest in Prototyping, Journey Mapping, Design Systems. Known for practical execution, clear communication, and shipping measurable improvements.",https://www.linkedin.com/in/rohan-martinez-ux-designer-47,https://rohanmartinez.portfolio.careerswipe.test,Remote,Immediate,Citizen
Meera Nguyen,Meera,Nguyen,meera.nguyen.048@example.careerswipe.test,-11017,"London, UK",United Kingdom,BTech Information Technology,University of Sydney,2018,"[""Marketing Automation"", ""SEO"", ""Meta Ads"", ""CRM"", ""Content Strategy"", ""Email Marketing"", ""Copywriting"", ""Google Ads"", ""Google Analytics""]",6,Marketing,Performance Marketing Analyst,"$48,156 - $63,429","Performance Marketing Analyst with 6 years of experience in marketing, strongest in Marketing Automation, SEO, Meta Ads. Known for practical execution, clear communication, and shipping measurable improvements.",https://www.linkedin.com/in/meera-nguyen-digital-marketing-specialist-48,https://meeranguyen.portfolio.careerswipe.test,Hybrid,30 days,Permanent Resident
Grace Khan,Grace,Khan,grace.khan.049@example.careerswipe.test,-5649,Singapore,Singapore,Bachelor of Business Administration,Delhi University,2022,"[""Product Strategy"", ""Figma"", ""Roadmapping"", ""Jira"", ""Go-to-Market"", ""Analytics"", ""Stakeholder Management"", ""A/B Testing"", ""User Research""]",1,Product,Product Owner,"$57,052 - $78,412","Product Owner with 1 year of experience in product, strongest in Product Strategy, Figma, Roadmapping. Known for practical execution, clear communication, and shipping measurable improvements.",https://www.linkedin.com/in/grace-khan-product-manager-49,https://gracekhan.portfolio.careerswipe.test,Hybrid,60 days,Requires Sponsorship
Ryan Bhandari,Ryan,Bhandari,ryan.bhandari.050@example.careerswipe.test,-1993,Singapore,Singapore,Bachelor of Commerce,IIT Delhi,2014,"[""Python"", ""Statistics"", ""Looker"", ""SQL"", ""Data Cleaning"", ""Tableau"", ""BigQuery""]",12,Technology,Reporting Analyst,"$85,976 - $105,000","Reporting Analyst with 12 years of experience in technology, strongest in Python, Statistics, Looker. Known for practical execution, clear communication, and shipping measurable improvements.",https://www.linkedin.com/in/ryan-bhandari-data-analyst-50,,Hybrid,60 days,Requires Sponsorship
Leah Ahmed,Leah,Ahmed,leah.ahmed.051@example.careerswipe.test,-5715,"Dubai, UAE",United Arab Emirates,Bachelor of Design,Tribhuvan University,2018,"[""Forecasting"", ""Budgeting"", ""Financial Modeling"", ""Accounting"", ""Variance Analysis"", ""QuickBooks"", ""Excel"", ""Power BI""]",5,Finance,FP&A Analyst,"$46,600 - $72,899","FP&A Analyst with 5 years of experience in finance, strongest in Forecasting, Budgeting, Financial Modeling. Known for practical execution, clear communication, and shipping measurable improvements.",https://www.linkedin.com/in/leah-ahmed-finance-analyst-51,,Onsite,30 days,Permanent Resident
Lina Anderson,Lina,Anderson,lina.anderson.052@example.careerswipe.test,-7309,"Delhi, India",India,BTech Information Technology,Tribhuvan University,2020,"[""A/B Testing"", ""dbt"", ""Looker"", ""ETL"", ""Data Cleaning"", ""Power BI"", ""Excel""]",5,Technology,Data Analyst,"$53,715 - $68,278","Data Analyst with 5 years of experience in technology, strongest in A/B Testing, dbt, Looker. Known for practical execution, clear communication, and shipping measurable improvements.",https://www.linkedin.com/in/lina-anderson-data-analyst-52,https://linaanderson.portfolio.careerswipe.test,Onsite,Immediate,Requires Sponsorship
Grace Gurung,Grace,Gurung,grace.gurung.053@example.careerswipe.test,-5125,"Toronto, Canada",Canada,BSc Electrical Engineering,Singapore Management University,2014,"[""Budgeting"", ""Variance Analysis"", ""Risk Analysis"", ""Financial Modeling"", ""Excel"", ""Power BI"", ""Forecasting"", ""Accounting"", ""QuickBooks""]",9,Finance,Accountant,"$64,061 - $88,043","Accountant with 9 years of experience in finance, strongest in Budgeting, Variance Analysis, Risk Analysis. Known for practical execution, clear communication, and shipping measurable improvements.",https://www.linkedin.com/in/grace-gurung-finance-analyst-53,,Onsite,2 weeks,Permanent Resident
Isabella Rai,Isabella,Rai,isabella.rai.054@example.careerswipe.test,-3210,"Sydney, Australia",Australia,BSc Electrical Engineering,University of British Columbia,2021,"[""Data Entry"", ""Supply Chain"", ""Logistics"", ""Excel"", ""Process Improvement"", ""Vendor Management"", ""ERP"", ""Inventory Planning""]",3,Operations,Logistics Coordinator,"$34,792 - $53,066","Logistics Coordinator with 3 years of experience in operations, strongest in Data Entry, Supply Chain, Logistics. Known for practical execution, clear communication, and shipping measurable improvements.",https://www.linkedin.com/in/isabella-rai-operations-coordinator-54,,Onsite,30 days,Requires Sponsorship
Liam Sharma,Liam,Sharma,liam.sharma.055@example.careerswipe.test,-9829471132,"Pokhara, Nepal",Nepal,MSc Information Systems,Kathmandu University School of Management,2021,"[""Google Analytics"", ""Email Marketing"", ""Meta Ads"", ""Copywriting"", ""CRM"", ""Google Ads"", ""Content Strategy""]",5,Marketing,Digital Marketing Specialist,"$49,875 - $71,315","Digital Marketing Specialist with 5 years of experience in marketing, strongest in Google Analytics, Email Marketing, Meta Ads. Known for practical execution, clear communication, and shipping measurable improvements.",https://www.linkedin.com/in/liam-sharma-digital-marketing-specialist-55,https://liamsharma.portfolio.careerswipe.test,Hybrid,30 days,Work Permit
Lucas Singh,Lucas,Singh,lucas.singh.056@example.careerswipe.test,-8594,"New York, NY",United States,MBA,Delhi University,2021,"[""CRM"", ""Content Strategy"", ""Email Marketing"", ""Copywriting"", ""Google Ads"", ""Marketing Automation"", ""SEO""]",3,Marketing,Growth Marketer,"$42,012 - $61,189","Growth Marketer with 3 years of experience in marketing, strongest in CRM, Content Strategy, Email Marketing. Known for practical execution, clear communication, and shipping measurable improvements.",https://www.linkedin.com/in/lucas-singh-digital-marketing-specialist-56,https://lucassingh.portfolio.careerswipe.test,Hybrid,60 days,Permanent Resident
Rohan Martinez,Rohan,Martinez,rohan.martinez.057@example.careerswipe.test,-7841,"Bengaluru, India",India,MBA,Tribhuvan University,2021,"[""Statistics"", ""Excel"", ""Looker"", ""BigQuery"", ""Power BI"", ""Python"", ""Tableau"", ""A/B Testing"", ""Data Cleaning"", ""SQL"", ""ETL"", ""dbt""]",2,Technology,Business Intelligence Analyst,"$43,044 - $60,724","Business Intelligence Analyst with 2 years of experience in technology, strongest in Statistics, Excel, Looker. Known for practical execution, clear communication, and shipping measurable improvements.",https://www.linkedin.com/in/rohan-martinez-data-analyst-57,https://rohanmartinez.portfolio.careerswipe.test,Hybrid,Immediate,Citizen
Nadia Davis,Nadia,Davis,nadia.davis.058@example.careerswipe.test,-6189,Singapore,Singapore,MSc Data Science,Kathmandu University,2022,"[""TypeScript"", ""React"", ""AWS"", ""JavaScript"", ""REST APIs"", ""SQL"", ""Node.js""]",4,Technology,Frontend Engineer,"$58,608 - $77,587","Frontend Engineer with 4 years of experience in technology, strongest in TypeScript, React, AWS. Known for practical execution, clear communication, and shipping measurable improvements.",https://www.linkedin.com/in/nadia-davis-software-engineer-58,,Onsite,Immediate,Work Permit
Arjun Johnson,Arjun,Johnson,arjun.johnson.059@example.careerswipe.test,-9841071247,"Lalitpur, Nepal",Nepal,Bachelor of Design,University of Texas at Austin,2022,"[""Excel"", ""Vendor Management"", ""Inventory Planning"", ""SOPs"", ""Data Entry"", ""ERP""]",3,Operations,Operations Coordinator,"$38,674 - $53,584","Operations Coordinator with 3 years of experience in operations, strongest in Excel, Vendor Management, Inventory Planning. Known for practical execution, clear communication, and shipping measurable improvements.",https://www.linkedin.com/in/arjun-johnson-operations-coordinator-59,,Remote,2 weeks,Citizen
Anika Rai,Anika,Rai,anika.rai.060@example.careerswipe.test,-4341,"Bengaluru, India",India,MSc Information Systems,National University of Singapore,2023,"[""Git"", ""PostgreSQL"", ""Docker"", ""SQL"", ""JavaScript"", ""Python"", ""Node.js"", ""Microservices"", ""TypeScript"", ""Unit Testing"", ""AWS""]",3,Technology,Backend Developer,"$56,880 - $69,874","Backend Developer with 3 years of experience in technology, strongest in Git, PostgreSQL, Docker. Known for practical execution, clear communication, and shipping measurable improvements.",https://www.linkedin.com/in/anika-rai-software-engineer-60,https://anikarai.portfolio.careerswipe.test,Hybrid,30 days,Permanent Resident
Imran Rai,Imran,Rai,imran.rai.061@example.careerswipe.test,-9886011814,"Kathmandu, Nepal",Nepal,Bachelor of Business Administration,IIT Delhi,2016,"[""Microservices"", ""Node.js"", ""JavaScript"", ""AWS"", ""React"", ""PostgreSQL"", ""Python"", ""CI/CD""]",10,Technology,Software Engineer,"$71,780 - $89,116","Software Engineer with 10 years of experience in technology, strongest in Microservices, Node.js, JavaScript. Known for practical execution, clear communication, and shipping measurable improvements.",https://www.linkedin.com/in/imran-rai-software-engineer-61,https://imranrai.portfolio.careerswipe.test,Hybrid,2 weeks,Requires Sponsorship
Liam Chen,Liam,Chen,liam.chen.062@example.careerswipe.test,-8999,"Toronto, Canada",Canada,Bachelor of Design,University of Leeds,2017,"[""Performance Reviews"", ""Onboarding"", ""Employee Relations"", ""HRIS"", ""Compliance"", ""Payroll Coordination"", ""Interviewing""]",7,HR,HR Generalist,"$57,487 - $83,377","HR Generalist with 7 years of experience in hr, strongest in Performance Reviews, Onboarding, Employee Relations. Known for practical execution, clear communication, and shipping measurable improvements.",https://www.linkedin.com/in/liam-chen-hr-generalist-62,,Hybrid,30 days,Permanent Resident
Leah Rai,Leah,Rai,leah.rai.063@example.careerswipe.test,-8192,"Vancouver, Canada",Canada,BTech Information Technology,Tribhuvan University,2021,"[""Docker"", ""CI/CD"", ""Node.js"", ""REST APIs"", ""Microservices"", ""AWS"", ""Git"", ""TypeScript"", ""Python"", ""Unit Testing"", ""React""]",5,Technology,Software Engineer,"$56,815 - $82,249","Software Engineer with 5 years of experience in technology, strongest in Docker, CI/CD, Node.js. Known for practical execution, clear communication, and shipping measurable improvements.",https://www.linkedin.com/in/leah-rai-software-engineer-63,https://leahrai.portfolio.careerswipe.test,Hybrid,30 days,Citizen
Kai Johnson,Kai,Johnson,kai.johnson.064@example.careerswipe.test,-6966,"Bengaluru, India",India,MSc Data Science,IIT Bombay,2024,"[""Vendor Management"", ""Process Improvement"", ""Supply Chain"", ""Data Entry"", ""Inventory Planning"", ""Excel""]",0,Operations,Recent Graduate,"$28,000 - $47,623","Recent Graduate with 0 years of experience in operations, strongest in Vendor Management, Process Improvement, Supply Chain. Known for practical execution, clear communication, and shipping measurable improvements.",https://www.linkedin.com/in/kai-johnson-operations-coordinator-64,,Hybrid,30 days,Work Permit
Aarav Lopez,Aarav,Lopez,aarav.lopez.065@example.careerswipe.test,-7118,"Dubai, UAE",United Arab Emirates,Bachelor of Commerce,London School of Economics,2022,"[""Jira"", ""Product Strategy"", ""Go-to-Market"", ""Analytics"", ""Roadmapping"", ""Stakeholder Management"", ""User Research"", ""Agile"", ""Figma""]",1,Product,Product Owner,"$58,204 - $87,619","Product Owner with 1 year of experience in product, strongest in Jira, Product Strategy, Go-to-Market. Known for practical execution, clear communication, and shipping measurable improvements.",https://www.linkedin.com/in/aarav-lopez-product-manager-65,,Onsite,Immediate,Work Permit
Noah Adhikari,Noah,Adhikari,noah.adhikari.066@example.careerswipe.test,-9814798744,"Kathmandu, Nepal",Nepal,MSc Data Science,Kathmandu University,2020,"[""Product Strategy"", ""Figma"", ""Agile"", ""A/B Testing"", ""Analytics"", ""Jira""]",5,Product,Product Manager,"$72,910 - $104,896","Product Manager with 5 years of experience in product, strongest in Product Strategy, Figma, Agile. Known for practical execution, clear communication, and shipping measurable improvements.",https://www.linkedin.com/in/noah-adhikari-product-manager-66,https://noahadhikari.portfolio.careerswipe.test,Remote,2 weeks,Citizen
Nikhil Singh,Nikhil,Singh,nikhil.singh.067@example.careerswipe.test,-6287,"Dubai, UAE",United Arab Emirates,MBA,Kathmandu University,2021,"[""Product Strategy"", ""Stakeholder Management"", ""Figma"", ""User Research"", ""A/B Testing"", ""Roadmapping"", ""Analytics"", ""Agile"", ""Jira""]",3,Product,Product Owner,"$62,170 - $75,002","Product Owner with 3 years of experience in product, strongest in Product Strategy, Stakeholder Management, Figma. Known for practical execution, clear communication, and shipping measurable improvements.",https://www.linkedin.com/in/nikhil-singh-product-manager-67,https://nikhilsingh.portfolio.careerswipe.test,Hybrid,60 days,Citizen
Liam Wilson,Liam,Wilson,liam.wilson.068@example.careerswipe.test,-3031,Singapore,Singapore,Bachelor of Business Administration,Tribhuvan University,2019,"[""Excel"", ""Forecasting"", ""Risk Analysis"", ""Financial Modeling"", ""Variance Analysis"", ""Budgeting"", ""Accounting"", ""QuickBooks""]",4,Finance,Accountant,"$42,380 - $63,594","Accountant with 4 years of experience in finance, strongest in Excel, Forecasting, Risk Analysis. Known for practical execution, clear communication, and shipping measurable improvements.",https://www.linkedin.com/in/liam-wilson-finance-analyst-68,,Hybrid,30 days,Requires Sponsorship
Lina Thomas,Lina,Thomas,lina.thomas.069@example.careerswipe.test,-4870,"Dubai, UAE",United Arab Emirates,Bachelor of Commerce,National University of Singapore,2021,"[""dbt"", ""SQL"", ""ETL"", ""Statistics"", ""A/B Testing"", ""Excel"", ""Data Cleaning"", ""Tableau"", ""Python"", ""Looker"", ""Power BI"", ""BigQuery""]",5,Technology,Reporting Analyst,"$48,120 - $67,498","Reporting Analyst with 5 years of experience in technology, strongest in dbt, SQL, ETL. Known for practical execution, clear communication, and shipping measurable improvements.",https://www.linkedin.com/in/lina-thomas-data-analyst-69,https://linathomas.portfolio.careerswipe.test,Onsite,60 days,Requires Sponsorship
Zara Tamang,Zara,Tamang,zara.tamang.070@example.careerswipe.test,-8373,"Hyderabad, India",India,MSc Information Systems,IIT Delhi,2017,"[""SQL"", ""Docker"", ""CI/CD"", ""JavaScript"", ""React"", ""Python"", ""REST APIs"", ""PostgreSQL"", ""TypeScript"", ""Unit Testing"", ""Git"", ""AWS""]",8,Technology,Frontend Engineer,"$69,448 - $86,540","Frontend Engineer with 8 years of experience in technology, strongest in SQL, Docker, CI/CD. Known for practical execution, clear communication, and shipping measurable improvements.",https://www.linkedin.com/in/zara-tamang-software-engineer-70,https://zaratamang.portfolio.careerswipe.test,Hybrid,60 days,Permanent Resident
Aisha Ahmed,Aisha,Ahmed,aisha.ahmed.071@example.careerswipe.test,-10269,"London, UK",United Kingdom,Bachelor of Commerce,Kathmandu University,2012,"[""Jira"", ""Product Strategy"", ""Analytics"", ""Figma"", ""User Research""]",12,Product,Associate Product Manager,"$85,072 - $113,130","Associate Product Manager with 12 years of experience in product, strongest in Jira, Product Strategy, Analytics. Known for practical execution, clear communication, and shipping measurable improvements.",https://www.linkedin.com/in/aisha-ahmed-product-manager-71,https://aishaahmed.portfolio.careerswipe.test,Onsite,2 weeks,Citizen
Mateo Martinez,Mateo,Martinez,mateo.martinez.072@example.careerswipe.test,-10943,"Toronto, Canada",Canada,BTech Information Technology,Kathmandu University School of Management,2015,"[""Content Strategy"", ""CRM"", ""Meta Ads"", ""Google Analytics"", ""Marketing Automation"", ""Email Marketing"", ""Copywriting"", ""SEO""]",8,Marketing,Growth Marketer,"$55,056 - $81,321","Growth Marketer with 8 years of experience in marketing, strongest in Content Strategy, CRM, Meta Ads. Known for practical execution, clear communication, and shipping measurable improvements.",https://www.linkedin.com/in/mateo-martinez-digital-marketing-specialist-72,,Remote,60 days,Permanent Resident
Mateo Patel,Mateo,Patel,mateo.patel.073@example.careerswipe.test,-9845031761,"Pokhara, Nepal",Nepal,BTech Information Technology,University of Toronto,2024,"[""PostgreSQL"", ""Unit Testing"", ""Git"", ""JavaScript"", ""CI/CD"", ""SQL"", ""Python"", ""REST APIs""]",2,Technology,Frontend Engineer,"$49,776 - $70,510","Frontend Engineer with 2 years of experience in technology, strongest in PostgreSQL, Unit Testing, Git. Known for practical execution, clear communication, and shipping measurable improvements.",https://www.linkedin.com/in/mateo-patel-software-engineer-73,,Onsite,Immediate,Citizen
Maya Lopez,Maya,Lopez,maya.lopez.074@example.careerswipe.test,-6782,"Austin, TX",United States,BSc Computer Science,Delhi University,2020,"[""Copywriting"", ""CRM"", ""Content Strategy"", ""Meta Ads"", ""SEO"", ""Google Ads"", ""Marketing Automation"", ""Email Marketing"", ""Google Analytics""]",4,Marketing,Growth Marketer,"$46,464 - $74,216","Growth Marketer with 4 years of experience in marketing, strongest in Copywriting, CRM, Content Strategy. Known for practical execution, clear communication, and shipping measurable improvements.",https://www.linkedin.com/in/maya-lopez-digital-marketing-specialist-74,https://mayalopez.portfolio.careerswipe.test,Hybrid,60 days,Requires Sponsorship
Sara Rodriguez,Sara,Rodriguez,sara.rodriguez.075@example.careerswipe.test,-10645,"New York, NY",United States,Bachelor of Design,Kathmandu University,2018,"[""Product Strategy"", ""Go-to-Market"", ""A/B Testing"", ""Agile"", ""Figma""]",5,Product,Associate Product Manager,"$68,550 - $91,448","Associate Product Manager with 5 years of experience in product, strongest in Product Strategy, Go-to-Market, A/B Testing. Known for practical execution, clear communication, and shipping measurable improvements.",https://www.linkedin.com/in/sara-rodriguez-product-manager-75,https://sararodriguez.portfolio.careerswipe.test,Hybrid,30 days,Citizen
Zara Hernandez,Zara,Hernandez,zara.hernandez.076@example.careerswipe.test,-9819397287,"Kathmandu, Nepal",Nepal,MSc Information Systems,Delhi University,2026,"[""Meta Ads"", ""SEO"", ""Email Marketing"", ""Content Strategy"", ""Google Analytics"", ""Marketing Automation"", ""Google Ads""]",0,Marketing,Recent Graduate,"$30,000 - $48,850","Recent Graduate with 0 years of experience in marketing, strongest in Meta Ads, SEO, Email Marketing. Known for practical execution, clear communication, and shipping measurable improvements.",https://www.linkedin.com/in/zara-hernandez-digital-marketing-specialist-76,https://zarahernandez.portfolio.careerswipe.test,Hybrid,30 days,Requires Sponsorship
Aisha Miller,Aisha,Miller,aisha.miller.077@example.careerswipe.test,-4673,"Sydney, Australia",Australia,BSc Electrical Engineering,University of Toronto,2019,"[""Variance Analysis"", ""Budgeting"", ""Power BI"", ""Financial Modeling"", ""QuickBooks"", ""Forecasting"", ""Excel"", ""Risk Analysis""]",7,Finance,Accountant,"$59,220 - $85,337","Accountant with 7 years of experience in finance, strongest in Variance Analysis, Budgeting, Power BI. Known for practical execution, clear communication, and shipping measurable improvements.",https://www.linkedin.com/in/aisha-miller-finance-analyst-77,,Onsite,Immediate,Citizen
Anika Sharma,Anika,Sharma,anika.sharma.078@example.careerswipe.test,-9083,"Dubai, UAE",United Arab Emirates,Bachelor of Design,Delhi University,2022,"[""Marketing Automation"", ""Content Strategy"", ""Copywriting"", ""SEO"", ""Google Ads"", ""Email Marketing"", ""Meta Ads""]",3,Marketing,Digital Marketing Specialist,"$40,269 - $52,852","Digital Marketing Specialist with 3 years of experience in marketing, strongest in Marketing Automation, Content Strategy, Copywriting. Known for practical execution, clear communication, and shipping measurable improvements.",https://www.linkedin.com/in/anika-sharma-digital-marketing-specialist-78,https://anikasharma.portfolio.careerswipe.test,Remote,30 days,Requires Sponsorship
Ryan Brown,Ryan,Brown,ryan.brown.079@example.careerswipe.test,-11044,"London, UK",United Kingdom,BA Communications,NID Ahmedabad,2020,"[""Design Systems"", ""Prototyping"", ""Accessibility"", ""User Research"", ""Figma"", ""Wireframing"", ""Adobe Creative Suite""]",3,Design,Product Designer,"$51,376 - $75,438","Product Designer with 3 years of experience in design, strongest in Design Systems, Prototyping, Accessibility. Known for practical execution, clear communication, and shipping measurable improvements.",https://www.linkedin.com/in/ryan-brown-ux-designer-79,,Hybrid,2 weeks,Requires Sponsorship
Leah Lewis,Leah,Lewis,leah.lewis.080@example.careerswipe.test,-7113,"Toronto, Canada",Canada,MSc Information Systems,University of Texas at Austin,2019,"[""Process Improvement"", ""Excel"", ""Data Entry"", ""Supply Chain"", ""SOPs"", ""ERP"", ""Logistics"", ""Inventory Planning""]",4,Operations,Supply Chain Analyst,"$35,620 - $59,772","Supply Chain Analyst with 4 years of experience in operations, strongest in Process Improvement, Excel, Data Entry. Known for practical execution, clear communication, and shipping measurable improvements.",https://www.linkedin.com/in/leah-lewis-operations-coordinator-80,,Remote,2 weeks,Work Permit
Rohan Clark,Rohan,Clark,rohan.clark.081@example.careerswipe.test,-9868347630,"Lalitpur, Nepal",Nepal,BTech Information Technology,RMIT University,2016,"[""Accessibility"", ""Adobe Creative Suite"", ""Journey Mapping"", ""Prototyping"", ""User Research"", ""Wireframing""]",8,Design,UX Designer,"$58,664 - $74,397","UX Designer with 8 years of experience in design, strongest in Accessibility, Adobe Creative Suite, Journey Mapping. Known for practical execution, clear communication, and shipping measurable improvements.",https://www.linkedin.com/in/rohan-clark-ux-designer-81,,Onsite,60 days,Requires Sponsorship
Imran Gurung,Imran,Gurung,imran.gurung.082@example.careerswipe.test,-3705,"Toronto, Canada",Canada,BA Communications,York University,2026,"[""Content Strategy"", ""Email Marketing"", ""Google Analytics"", ""Marketing Automation"", ""Copywriting"", ""SEO""]",0,Marketing,Recent Graduate,"$30,000 - $53,658","Recent Graduate with 0 years of experience in marketing, strongest in Content Strategy, Email Marketing, Google Analytics. Known for practical execution, clear communication, and shipping measurable improvements.",https://www.linkedin.com/in/imran-gurung-digital-marketing-specialist-82,https://imrangurung.portfolio.careerswipe.test,Remote,30 days,Work Permit
Chloe Martinez,Chloe,Martinez,chloe.martinez.083@example.careerswipe.test,-10328,"Bengaluru, India",India,MSc Data Science,University of Leeds,2018,"[""Compliance"", ""Interviewing"", ""Payroll Coordination"", ""Employee Relations"", ""Performance Reviews"", ""Onboarding"", ""HRIS"", ""Recruiting""]",8,HR,HR Generalist,"$47,736 - $77,144","HR Generalist with 8 years of experience in hr, strongest in Compliance, Interviewing, Payroll Coordination. Known for practical execution, clear communication, and shipping measurable improvements.",https://www.linkedin.com/in/chloe-martinez-hr-generalist-83,,Remote,60 days,Permanent Resident
Aisha Adhikari,Aisha,Adhikari,aisha.adhikari.084@example.careerswipe.test,-9531,"Vancouver, Canada",Canada,Bachelor of Commerce,Delhi University,2019,"[""Recruiting"", ""Performance Reviews"", ""HRIS"", ""Onboarding"", ""Compliance"", ""Interviewing""]",7,HR,HR Generalist,"$54,610 - $68,815","HR Generalist with 7 years of experience in hr, strongest in Recruiting, Performance Reviews, HRIS. Known for practical execution, clear communication, and shipping measurable improvements.",https://www.linkedin.com/in/aisha-adhikari-hr-generalist-84,,Hybrid,30 days,Permanent Resident
Liam Thomas,Liam,Thomas,liam.thomas.085@example.careerswipe.test,-4106,"Bengaluru, India",India,MSc Data Science,RMIT University,2024,"[""Usability Testing"", ""Journey Mapping"", ""Adobe Creative Suite"", ""Prototyping"", ""Design Systems""]",1,Design,UX Designer,"$44,194 - $72,527","UX Designer with 1 year of experience in design, strongest in Usability Testing, Journey Mapping, Adobe Creative Suite. Known for practical execution, clear communication, and shipping measurable improvements.",https://www.linkedin.com/in/liam-thomas-ux-designer-85,https://liamthomas.portfolio.careerswipe.test,Onsite,30 days,Requires Sponsorship
Anika Adhikari,Anika,Adhikari,anika.adhikari.086@example.careerswipe.test,-2596,"Bengaluru, India",India,BSc Electrical Engineering,University of Toronto,2015,"[""Budgeting"", ""Risk Analysis"", ""Financial Modeling"", ""Variance Analysis"", ""Excel"", ""Forecasting"", ""Accounting"", ""Power BI""]",10,Finance,FP&A Analyst,"$73,980 - $101,796","FP&A Analyst with 10 years of experience in finance, strongest in Budgeting, Risk Analysis, Financial Modeling. Known for practical execution, clear communication, and shipping measurable improvements.",https://www.linkedin.com/in/anika-adhikari-finance-analyst-86,,Remote,30 days,Requires Sponsorship
Zara Lopez,Zara,Lopez,zara.lopez.087@example.careerswipe.test,-3314,"Sydney, Australia",Australia,BA Communications,Delhi University,2021,"[""HRIS"", ""Employee Relations"", ""Recruiting"", ""Payroll Coordination"", ""Compliance"", ""Onboarding""]",3,HR,HR Generalist,"$40,853 - $63,613","HR Generalist with 3 years of experience in hr, strongest in HRIS, Employee Relations, Recruiting. Known for practical execution, clear communication, and shipping measurable improvements.",https://www.linkedin.com/in/zara-lopez-hr-generalist-87,,Hybrid,30 days,Requires Sponsorship
Fatima Anderson,Fatima,Anderson,fatima.anderson.088@example.careerswipe.test,-7948,"Sydney, Australia",Australia,Bachelor of Design,Kathmandu University School of Management,2013,"[""Copywriting"", ""Email Marketing"", ""Content Strategy"", ""Marketing Automation"", ""SEO"", ""Google Ads"", ""Meta Ads""]",12,Marketing,Performance Marketing Analyst,"$55,272 - $72,142","Performance Marketing Analyst with 12 years of experience in marketing, strongest in Copywriting, Email Marketing, Content Strategy. Known for practical execution, clear communication, and shipping measurable improvements.",https://www.linkedin.com/in/fatima-anderson-digital-marketing-specialist-88,https://fatimaanderson.portfolio.careerswipe.test,Onsite,30 days,Work Permit
Imran Thomas,Imran,Thomas,imran.thomas.089@example.careerswipe.test,-10608,"London, UK",United Kingdom,MSc Data Science,Tribhuvan University,2021,"[""Power BI"", ""Financial Modeling"", ""Accounting"", ""Excel"", ""Budgeting"", ""Forecasting"", ""QuickBooks""]",4,Finance,Finance Analyst,"$50,904 - $79,683","Finance Analyst with 4 years of experience in finance, strongest in Power BI, Financial Modeling, Accounting. Known for practical execution, clear communication, and shipping measurable improvements.",https://www.linkedin.com/in/imran-thomas-finance-analyst-89,,Hybrid,2 weeks,Citizen
Hannah Wilson,Hannah,Wilson,hannah.wilson.090@example.careerswipe.test,-3743,"Sydney, Australia",Australia,Bachelor of Business Administration,University of British Columbia,2017,"[""Process Improvement"", ""Vendor Management"", ""SOPs"", ""ERP"", ""Inventory Planning""]",6,Operations,Supply Chain Analyst,"$51,196 - $75,917","Supply Chain Analyst with 6 years of experience in operations, strongest in Process Improvement, Vendor Management, SOPs. Known for practical execution, clear communication, and shipping measurable improvements.",https://www.linkedin.com/in/hannah-wilson-operations-coordinator-90,,Remote,30 days,Citizen
Lucas Williams,Lucas,Williams,lucas.williams.091@example.careerswipe.test,-2872,"Bengaluru, India",India,MSc Data Science,National University of Singapore,2015,"[""Power BI"", ""dbt"", ""Excel"", ""Tableau"", ""A/B Testing"", ""Data Cleaning""]",11,Technology,Reporting Analyst,"$81,967 - $105,000","Reporting Analyst with 11 years of experience in technology, strongest in Power BI, dbt, Excel. Known for practical execution, clear communication, and shipping measurable improvements.",https://www.linkedin.com/in/lucas-williams-data-analyst-91,,Onsite,60 days,Requires Sponsorship
Nadia Gurung,Nadia,Gurung,nadia.gurung.092@example.careerswipe.test,-4479,"London, UK",United Kingdom,MSc Data Science,Pokhara University,2022,"[""Supply Chain"", ""SOPs"", ""Vendor Management"", ""ERP"", ""Excel"", ""Process Improvement"", ""Inventory Planning"", ""Logistics"", ""Data Entry""]",4,Operations,Supply Chain Analyst,"$39,032 - $69,555","Supply Chain Analyst with 4 years of experience in operations, strongest in Supply Chain, SOPs, Vendor Management. Known for practical execution, clear communication, and shipping measurable improvements.",https://www.linkedin.com/in/nadia-gurung-operations-coordinator-92,,Onsite,60 days,Citizen
Olivia Adhikari,Olivia,Adhikari,olivia.adhikari.093@example.careerswipe.test,-10959,"Delhi, India",India,Bachelor of Commerce,Singapore Management University,2016,"[""Variance Analysis"", ""Excel"", ""QuickBooks"", ""Risk Analysis"", ""Budgeting"", ""Power BI"", ""Forecasting"", ""Financial Modeling"", ""Accounting""]",7,Finance,Finance Analyst,"$61,593 - $75,307","Finance Analyst with 7 years of experience in finance, strongest in Variance Analysis, Excel, QuickBooks. Known for practical execution, clear communication, and shipping measurable improvements.",https://www.linkedin.com/in/olivia-adhikari-finance-analyst-93,,Hybrid,2 weeks,Work Permit
Ethan Khan,Ethan,Khan,ethan.khan.094@example.careerswipe.test,-9820119229,"Pokhara, Nepal",Nepal,BTech Information Technology,York University,2020,"[""Copywriting"", ""Marketing Automation"", ""Google Ads"", ""Email Marketing"", ""Meta Ads"", ""Content Strategy"", ""SEO"", ""CRM"", ""Google Analytics""]",5,Marketing,Performance Marketing Analyst,"$43,910 - $67,466","Performance Marketing Analyst with 5 years of experience in marketing, strongest in Copywriting, Marketing Automation, Google Ads. Known for practical execution, clear communication, and shipping measurable improvements.",https://www.linkedin.com/in/ethan-khan-digital-marketing-specialist-94,,Hybrid,60 days,Work Permit
Meera Rai,Meera,Rai,meera.rai.095@example.careerswipe.test,-5912,"Bengaluru, India",India,Bachelor of Commerce,Delhi University,2021,"[""Google Analytics"", ""Email Marketing"", ""Marketing Automation"", ""CRM"", ""Meta Ads"", ""Copywriting"", ""SEO"", ""Google Ads"", ""Content Strategy""]",4,Marketing,Performance Marketing Analyst,"$46,260 - $66,169","Performance Marketing Analyst with 4 years of experience in marketing, strongest in Google Analytics, Email Marketing, Marketing Automation. Known for practical execution, clear communication, and shipping measurable improvements.",https://www.linkedin.com/in/meera-rai-digital-marketing-specialist-95,,Remote,2 weeks,Requires Sponsorship
Daniel Maharjan,Daniel,Maharjan,daniel.maharjan.096@example.careerswipe.test,-9812876894,"Lalitpur, Nepal",Nepal,BA Communications,Srishti Manipal Institute,2018,"[""Journey Mapping"", ""Accessibility"", ""Usability Testing"", ""Adobe Creative Suite"", ""Prototyping"", ""Figma"", ""User Research"", ""Design Systems""]",7,Design,UI Designer,"$54,945 - $68,509","UI Designer with 7 years of experience in design, strongest in Journey Mapping, Accessibility, Usability Testing. Known for practical execution, clear communication, and shipping measurable improvements.",https://www.linkedin.com/in/daniel-maharjan-ux-designer-96,https://danielmaharjan.portfolio.careerswipe.test,Onsite,60 days,Citizen
Jacob Kim,Jacob,Kim,jacob.kim.097@example.careerswipe.test,-9838407162,"Kathmandu, Nepal",Nepal,Bachelor of Commerce,University of Texas at Austin,2015,"[""Excel"", ""Data Entry"", ""Supply Chain"", ""ERP"", ""Inventory Planning"", ""Logistics"", ""Process Improvement"", ""Vendor Management""]",10,Operations,Logistics Coordinator,"$60,970 - $85,000","Logistics Coordinator with 10 years of experience in operations, strongest in Excel, Data Entry, Supply Chain. Known for practical execution, clear communication, and shipping measurable improvements.",https://www.linkedin.com/in/jacob-kim-operations-coordinator-97,,Hybrid,2 weeks,Requires Sponsorship
Emma Nguyen,Emma,Nguyen,emma.nguyen.098@example.careerswipe.test,-6683,"Hyderabad, India",India,MBA,Tribhuvan University,2020,"[""Power BI"", ""Excel"", ""QuickBooks"", ""Variance Analysis"", ""Risk Analysis"", ""Financial Modeling""]",6,Finance,Finance Analyst,"$53,468 - $80,101","Finance Analyst with 6 years of experience in finance, strongest in Power BI, Excel, QuickBooks. Known for practical execution, clear communication, and shipping measurable improvements.",https://www.linkedin.com/in/emma-nguyen-finance-analyst-98,,Hybrid,2 weeks,Citizen
Meera Ali,Meera,Ali,meera.ali.099@example.careerswipe.test,-9450,"Dubai, UAE",United Arab Emirates,BSc Computer Science,York University,2022,"[""Interviewing"", ""Recruiting"", ""Payroll Coordination"", ""HRIS"", ""Onboarding"", ""Performance Reviews""]",1,HR,HR Generalist,"$34,105 - $60,227","HR Generalist with 1 year of experience in hr, strongest in Interviewing, Recruiting, Payroll Coordination. Known for practical execution, clear communication, and shipping measurable improvements.",https://www.linkedin.com/in/meera-ali-hr-generalist-99,,Hybrid,30 days,Work Permit
Olivia Lewis,Olivia,Lewis,olivia.lewis.100@example.careerswipe.test,-4375,"Austin, TX",United States,Bachelor of Business Administration,University of Toronto,2014,"[""JavaScript"", ""React"", ""Python"", ""Microservices"", ""PostgreSQL"", ""REST APIs"", ""Node.js"", ""CI/CD"", ""Git"", ""TypeScript"", ""SQL"", ""AWS""]",11,Technology,Backend Developer,"$69,453 - $86,759","Backend Developer with 11 years of experience in technology, strongest in JavaScript, React, Python. Known for practical execution, clear communication, and shipping measurable improvements.",https://www.linkedin.com/in/olivia-lewis-software-engineer-100,https://olivialewis.portfolio.careerswipe.test,Onsite,30 days,Requires Sponsorship
